comment_id,parent_id,username,comment,comment_time,like_count,reply_count
18071288417106311,,alvkhtmiiii_,Bro berkomunikasi masih menggunakan merpatiğŸ”¥,1755099652,4225,10
18101315551605298,18071288417106311,renzzskyy_lovepleasure,wouuğŸ˜­ğŸ˜­ğŸ˜­,1756034043,0,
18096268066650707,18071288417106311,helmiahbar,@yusup5372 bang pake gereja ae ğŸ˜‚,1756286077,1,
18095636899578923,18071288417106311,rodrickheffley_y,@yusup5372 @akiraaaw2e,1756766113,1,
18068239946136696,,air.mine_,"ğŸ“: udah, balikin tumbler gw",1755173133,2482,14
17861413944405828,18068239946136696,cgrettsaftrcry_,@air.mine_ anjğŸ˜­,1755876139,0,
18312538057245152,18068239946136696,cssnvaa_22,@air.mine_ liatt julll @azrdouee,1756015371,0,
18027916439705958,18068239946136696,_edlaart,@air.mine_ woiiiiiğŸ˜­,1756312982,0,
18102614539586304,,_wiiirr_,absen yang masih pakai merpati ğŸ‘‰ğŸ»,1755223312,272,2
18391419838137250,18102614539586304,yusup5372,@_wiiirr_ udah ganti HT sekarangğŸ¥²,1755228509,34,
18179809162333280,18102614539586304,schdroo,@_wiiirr_ hadirğŸ˜¢,1755647923,1,
18076717696982966,,x_wanss,,1754929988,263,7
18111298102522664,18076717696982966,yusup5372,@__12montuuu__ ğŸ˜‚ğŸ˜‚,1755257421,1,
18339150109161158,18076717696982966,x_wanss,@x_wanss cinta..? Sudah lama aku tidak mendengar nya,1755345911,2,
18129187639458347,18076717696982966,ripqi_iii,@x_wanss biji siapa tu bang kok cumaan 1 ğŸ˜‚,1756103700,0,
18089355781703848,,__hismajesty,bg ga tmpt minum ayam juga kaliğŸ¤£ğŸ˜­,1755243928,444,1
18380768347121721,18089355781703848,yusup5372,@__hismajesty ğŸ˜‚ğŸ˜‚ğŸ˜‚,1755257483,51,
18055561925148030,,irhamsyaaaa,,1755956906,5,1
18071900203893631,18055561925148030,yusup5372,ğŸ—¿ğŸ˜‚,1756208479,1,
18037629095424273,,aqsaaaa._9,ga tempat minum ayam jugak yusup,1755325838,132,1
18038073437659660,18037629095424273,yusup5372,@aqsaaaa._9 iya maaf adanyağŸ˜¢,1755349013,19,
18282249388280119,,reezel2.1,bang lu gada gelas?,1755400547,3,1
18068274406909303,18282249388280119,yusup5372,@reezel2.1 pinjemin bgğŸ˜¢,1755453304,1,
17885937528346797,,azizbilly,apa itu iphone? pake merpati lah. ğŸ•Šï¸,1755397494,10,1
17904844134231600,17885937528346797,yusup5372,@azizbilly ğŸ˜‚ğŸ˜‚,1755481779,1,
17928201128985132,,dummm.e,"Dia bahasa inggrisğŸ˜
Aku bahasa kalbuğŸ˜”",1755918073,26,1
17985208379714307,17928201128985132,yusup5372,@dummm.e ğŸ˜‚,1755924569,1,
18059841059375515,,halimropiunn,KFC = Koncone Fried chickenğŸ˜¹,1756044308,6,1
18039738599663330,18059841059375515,yusup5372,@halimropiunn cokğŸ—¿ğŸ˜‚,1756208377,0,
18073082390102212,,ulfiasari,Tapi lauknya beda ğŸ¥º,1755327359,11,1
18073854041086729,18073082390102212,yusup5372,@ulfiasari nasibnya juga bg ğŸ¥²,1755329689,3,
18062006945365292,,yanzxsz,,1756395316,1,0
17984110163714546,,rhnspti_,surat merpati is DIABOLICALâœ¨ï¸,1755413233,1,1
17960523488980332,,nblabysfyno,masih pake merpati busetğŸ˜¹,1756034843,7,1
18016894817582986,17960523488980332,bgasabdladnta_,@nblabysfyno ğŸ˜¹ğŸ˜¹ğŸ˜¹,1756285363,1,
18124630255478993,,reyrys1301___,Lu ada masalah apa sama kaos free fire bangğŸ˜‚,1755413348,1,0
18061233290586535,,bun_napit,Setidaknya mie ayam menyelamatkan,1755696998,4,0
18084339040891194,,rromaa.505,ğŸ˜¹:Kokekab apa gmn?,1756432140,2,0
17855471052501938,,stayl_231,Kesenjangan sosial,1756087596,1,0
18063959930200065,,nyctjan,Yang paling banting: ipon - merpatiğŸ˜­,1756341775,1,0
18081362395920363,,nobitchtachan,Beda laukğŸ™ğŸ»,1755410752,1,0
17863130487459134,,dimzslxy,sedangkan gw nasi akingğŸ˜¢,1756345492,1,0
17911673553067602,,jonathanf.pangaribuan,CukurukukğŸ˜‚,1756562432,1,0
18034014023698001,,_arunaja,Pke merpati njirrr ğŸ—¿,1756954545,1,0
18529929880036901,,yosua_new,Gak gitu jg anjğŸ˜¹,1756373897,1,0
18062579009360109,,celalu.nara,beda lauk,1756453722,1,0
18067095724970909,,berwynn05,bakekkokğŸ˜¹,1756123256,1,0
18039326198405613,,alfian.nanda29,Ngak wadah minum ayam juga kali bgğŸ˜­,1756534359,1,0
18120787465491995,,rahmanr_w,bakekokğŸ˜¹,1756431036,1,0
17982937532728879,,rrdanu,Antum ayam?,1756655961,0,2
18065187842193328,17982937532728879,yusup5372,@rrdanu antum serius amat ğŸ˜¹,1756658764,0,
17916721503172931,17982937532728879,rrdanu,@yusup5372 ana memeng soalnya,1756661619,0,
18103607128605062,,yourrv4nz777,bakekok mewakiliğŸ˜¹,1756932912,1,0
17881007196380302,,rehh.abcd,ğŸ˜¹mie ayam ora nasgor,1756439839,1,0
18291397489271599,,dpkh_08,Huaaaaaaa,1756979219,1,0
17906537403215930,,rija_rudynt0,bisa bikin kopi,1756347749,1,0
17891345892303798,,niceno_10,,1755696973,2,0
18064719590255146,,ilhamrmdnnd,Cuma ga terima sama baju nya aja,1756124830,1,0
18109560025554581,,andika22641,ğŸ“:sini balikin tumbler gw.,1756280873,1,0
18057620783110392,,rahiyarr,yang terskhirğŸ—¿,1756109382,1,0
18354967234081921,,hrdyyy04,Epep dihatiğŸ˜­,1756097345,1,0
18029740052701294,,fal_bois,bakekokğŸ˜¹,1756109187,1,0
17842713120563376,,resyaputhrhyu,guna burung apa bang,1756021357,0,2
18082712938726317,17842713120563376,yusup5372,@resyaputhrhyu mengirim pesanğŸ—¿,1756208444,0,
18108985126551523,17842713120563376,resyaputhrhyu,@yusup5372 jaman purba,1756218153,0,
18073842191097109,,dapit.kedua,tumbler ayam,1755433674,3,1
18051182444207263,18073842191097109,yusup5372,@dapit.kedua ğŸ˜‚,1755446122,0,
18397907323141203,,bismmm__,Aku dan kamu @araacaayy,1755411804,1,1
18074320004006973,18397907323141203,yusup5372,@bismmm__ cieeeeeeee,1755453260,0,
18102880693571282,,arya.putraw,alasanku takut main ke rumahmu @seeyoumine,1756361341,0,1
18089834023703038,18102880693571282,seeyoumine,@arya.putraw padahal aku juga makan mie ayam oiiğŸ˜­ğŸ˜­ğŸ˜‚,1756372872,0,
18325565533226182,,allalsukangaji,@tuu_18r jauh bett bedaa nyaa tetehh amaa akuuğŸ—¿,1756604467,0,1
18095828500646025,18325565533226182,tuu_18r,@allalsukangaji masa tempat minum nya ituğŸ˜­,1756604520,0,
17877453039287995,,raehanprtm_4,@tobelioei,1756520569,0,1
18054833024398906,17877453039287995,tobelioei,@raehanprtm_4 ih apasih gak ğŸ˜¡,1756522379,0,
17906408301229468,,liljeffryie,@mhmdlbibshowabi @cariajaborju_ @glngwbksn @ridwansyh._,1756696921,1,1
17973782450920010,17906408301229468,cariajaborju_,@liljeffryie ğŸ™‚ğŸ™‚,1756699388,1,
18350227138095498,,heyyy.moyy,@ardianxysz ğŸ˜¹,1756377055,1,0
18055539767527114,,andreas_ardika,@thefunkyboyyyy damn realita ğŸ˜‚,1756224220,0,1
18056319350422247,18055539767527114,thefunkyboyyyy,@andreas_ardika jirrr realğŸ˜­ğŸ˜­,1756224448,0,
18108809338547359,,aryakk611,@blackchilom apodiolah cilomğŸ˜¹,1756213825,1,1
18013856744781100,18108809338547359,blackchilom,@aryakk611 nak ngapo kau yak wkwwkğŸ˜‚,1756217111,0,
18169436272359952,,iysam__,Anjay tinggal dikasih vitachiks ğŸ˜‚,1756210270,1,0
17913501522053369,,regie_w2,Izin ambil mentahannya minğŸ˜¹,1755672097,1,0
17907248856211639,,doo.pie,tumbler ayamğŸ˜­ğŸ˜­,1755756659,1,0
18170771236359935,,dit__yadit,,1755826263,3,0
17852846796530530,,ffaathhurr,Kesenjangan sosial,1755911911,1,0
18061355267347644,,b_echoofnone,Mie ayamğŸ˜‹,1755933959,1,0
18104392852575021,,dimas.p_p,My kisah gw,1755936247,1,0
18066128063186653,,goduesatle,Damn,1755950754,1,0
18042510641355567,,btklun_,"Cemilannya ayam dari Resto, Awak cuma Bakwan. Itupun masih pake Nasi",1756002667,1,0
18096868843625363,,rezki_paz_187,Tumblr Ayam siapa dipake minum?,1756007280,1,0
18116483563508050,,stvsjt,,1756029148,1,0
18053586233195754,,velyn011,yg bnr aje,1756034406,1,0
17953079111863099,,tyulianto__,merpati post bjirrrğŸ—¿,1756041899,1,0
18050774948558027,,zearumiii,aku cwek aja sama kaya kamu kok bangğŸ˜­ğŸ˜­,1756059377,1,1
17913691905187418,18050774948558027,yusup5372,Cepcep,1756208349,0,
17922106356131282,,_dumb.zack,Bro benar benar rebutan tempat minum Ama ayamğŸ˜­ğŸ˜­,1756201949,1,0
18076875704076743,,ikhwanullah_,ga gitu juga bang,1756207065,1,1
18077176756952129,18076875704076743,yusup5372,@ikhwanullah_ maaf maaf ğŸ˜¢,1756208204,0,
18088480879691468,,hikami_parker,puguh Hayam euy,1756207744,1,0
18074920984966961,,adixlim,@__instavan,1755228808,3,0
18171152533357662,,najib_saputra119,Merpati ğŸ—¿,1756101304,1,0
17894737791165953,,4bayss___,@_tawloverzz_19 ğŸ˜¹,1756181932,0,1
18054882713170550,17894737791165953,_tawloverzz_19,@4bayss___ real cikkğŸ˜­,1756181960,1,
17992562075683465,,bossrioooo,@ell.davinn,1756130159,0,3
18167453065317387,17992562075683465,ell.davinn,@bossrioooo @frydonnn01 aya japati,1756130198,0,
18062941298519954,17992562075683465,frydonnn01,@ell.davinn yesss adaa banyak,1756132733,0,
18024491852729567,17992562075683465,ell.davinn,@frydonnn01 ğŸ˜­ğŸ˜­,1756132761,0,
17940198147072484,,kenjiiiiiiiiiiiiie,untuk fr for real asli nyta,1755357284,1,2
18081084898931190,17940198147072484,_dibsyy,@kenjiiiiiiiiiiiiie waw kenjie,1756128739,0,
18054184712177258,17940198147072484,kenjiiiiiiiiiiiiie,@_dibsyy ğŸ˜ğŸ˜,1756129344,0,
18048893357286294,,rez_aamri2,Ketawa gw pecah pas bandingin merpati ama iponeğŸ˜­,1756027971,3,0
18046932116315027,,whos_gisva,bang baju ny? pecinta ff banget ğŸ˜ğŸ˜­,1756122919,1,0
18498454846066355,,selalu_ku_ingat,dia nasi kfci,1756090635,0,1
18154535710384866,18498454846066355,selalu_ku_ingat,@selalu_ku_ingat lah gw nasi basi,1756090644,0,
18066059393210177,,iimm__22,"Ada yang simpel kenapa harus yang susah ğŸ˜®â€ğŸ’¨,",1756113980,0,0
18076156619070322,,a.an23x42,BakekokğŸ˜¹,1755649229,17,3
17891632098183110,18076156619070322,yusup5372,@a.an23x42 ğŸ˜‚,1755651718,0,
18020319173753796,18076156619070322,romiginting_,@a.an23x42 kokekabğŸ˜¹,1755912218,1,
18042970061338609,18076156619070322,teguhanakbaik13,@a.an23x42 cukurukukğŸ˜¹,1756029528,0,
17880898422365695,,maarif_sukhrowardi,,1755511400,7,0
18068892973913334,,mhdzikrii_09,ga tempat minum ayam jug bang ğŸ˜¹,1755939296,2,1
18522671077055082,18068892973913334,hddalwistmrg,"@mhdzikrii_09 Cemana lah zik, kenyataannya memang begituğŸ˜¹",1756002322,1,
18406230628114413,,veredator,Perbedaan nya jauhh bngtt soalny bnggğŸ˜­ğŸ˜­ğŸ˜­,1756088743,1,0
18155350093378297,,fazrulazmi27,Tempat minumnya beli dimana bg,1756033760,0,1
18069568439174450,18155350093378297,powerfyu3,Tempat minum ayam,1756034462,0,
17992615964680883,,mhmmd_rzkyyz,ğŸ˜­ğŸ˜­ğŸ˜¹ğŸ˜¹ğŸ˜¹,1756019046,1,0
17941327622924559,,rzkykyy___,Yaa begitulah,1756044863,1,0
17989026620838248,,diiibaik,@boloddddd_ hahahah mulak no dewe rak payu,1756039379,0,1
18074706062078309,17989026620838248,boloddddd_,@diiibaik suwun wes ngeceâ˜ºï¸,1756044853,0,
17933791038072968,,gharakirii,WOIII TUMBLER PITIK NGUNU,1755974294,1,0
18058339322579265,,ciastephny,peliharaan nya bakekok,1756032314,1,0
18076781129062308,,andikaa.dwii_,gk merpati juga kocak,1756001602,1,0
17921718150129996,,aii_nimee.id,Perbedaan antara makanan dan pakanğŸ˜­,1756030238,1,0
17991641159826496,,putra_woi1,@cheli4xa HAHAHA,1756026171,1,0
17991810590835380,,sat_thegreat,lucu lg sialanğŸ˜­,1756015626,1,0
18113909104507810,,noalwayshere,RealğŸ˜‚,1755957486,0,2
18474606532078827,18113909104507810,_fuadhamzah,@noalwayshere kesenjangan ğŸ˜‚,1756004569,0,
17851273545534319,18113909104507810,noalwayshere,@_fuadhamzah ğŸ˜‚ğŸ˜‚,1756007215,0,
18063097676028613,,r4mdany,"ngapain takut sama sama makan nasi, beda laukkk guys",1756001736,1,0
18090702391685215,,klinikchandrasingkawang,Tempat minum ayam ğŸ—¿,1755990161,1,1
18072232280031973,18090702391685215,luckkiestt.hfd,@klinikchandrasingkawang ğŸ˜­,1756001217,1,
17935426635064990,,m_lk1201,Harus nya tempat minumnya pake botol oli bngğŸ˜­,1755973716,1,0
18054548417443235,,superfiksss,Mana fakta lagiğŸ˜¹,1755955453,2,0
17863978896449121,,jeess0_0,@victoriaaaclare,1755952268,0,1
18062640476358861,17863978896449121,victoriaaaclare,@jeess0_0 wkwk,1755952355,0,
18076017235953914,,kenjiloong,terlalu real ki sdra,1755938496,1,0
17959777610970278,,rifkyfakbar,BakekokğŸ˜¹,1755945407,1,0
17985917054850771,,ikhsaanw_,@wahyutrinur99 @mohammadsubkhi ğŸ˜‚ğŸ˜‚ğŸ˜‚ğŸ˜‚,1755915458,1,0
18025313864724375,,_dw.chyy,Lauknya beda bang ğŸ¥²,1755188764,2,1
17921719950130036,18025313864724375,yusup5372,@_dw.chyy kastanya juga bg ğŸ˜¢,1755190841,0,
17867880060353885,,maverickzvezdi,dia thrifting aku striving. dia espresso aku depresso. dia icloud aku iproud,1755189969,28,1
18094533091574769,17867880060353885,yusup5372,@maverickzvezdi beda keadaanğŸ˜¢,1755190790,1,
17896333083145758,,nndiindrwn,@jos29nuu hahaa,1755192476,1,1
17974964444911848,17896333083145758,yusup5372,@nndiindrwn ğŸ˜‚ğŸ˜‚,1755194585,0,
18018562133748912,,andi_simbolon18,"Broo,krukk krukk kruuuukkkkk....oke?",1755202078,0,0
18045957875316555,,alldii.k,ğŸ˜¢,1755213487,1,1
17890348419321315,18045957875316555,yusup5372,@alldii.k ğŸ«‚,1755228705,1,
18036716267452425,,mhmdafwn_03,lauknya beda,1755215216,1,1
18072758960045304,18036716267452425,yusup5372,@mhmdafwn_03 kastanya juga bg ğŸ¥²,1755228691,0,
17932140294073811,,evannfuckingallagher,Lauknya beda bang,1755215477,1,1
18053275997420571,17932140294073811,yusup5372,Kastanya juga bg ğŸ¥²,1755228669,0,
17949612209876762,,hlvyfryzha,lauknya beda,1755215617,1,1
17989720169836784,17949612209876762,yusup5372,@hlvyfryzha kastanya juga bgğŸ˜¢,1755228642,0,
17935964688064046,,ryanbutarbutar_,njir merpati,1755219230,1,1
17925841428096053,17935964688064046,yusup5372,@ryanbutarbutar_ ğŸ˜‚ğŸ˜‚ğŸ˜‚,1755228620,0,
18419489515101480,,ahul.co,Kan sama @anugerahfebryanalghi kann udh sama,1755220270,1,1
18054481235604312,18419489515101480,anugerahfebryanalghi,"@ahul.co sama jenis, tapi beda kualitas ğŸ˜‚",1755222936,0,
18370564012195417,,andalaloka,Bang kau ayam?,1755220351,1,1
18053466077440707,18370564012195417,yusup5372,@andalaloka mie ayam bg ğŸ˜…,1755228604,0,
18316882069209220,,idansbm,ğŸ˜‚,1755221017,1,1
17867943579351449,18316882069209220,yusup5372,@idansbm ğŸ˜‚ğŸ˜‚ğŸ˜‚,1755228576,0,
18001846229799891,,dfor.vd,,1755227616,1,1
18063310307190721,18001846229799891,yusup5372,ğŸ˜¢,1755228537,0,
18083654614854113,,kyle_tmng,Jangan lupa kita lelaki cukup VITACHICK ajah,1755228963,1,0
18038102102419028,,ihanss_,Cukurukukk,1755230044,1,0
18054477707161371,,alaikallfz,,1755232210,1,0
18107783899544920,,___sirah,belum di rasa kopi minang neng,1755234151,1,0
18017458640570503,,nurfirmansyhputra,tumbler pitikğŸ˜”ğŸ˜”,1755237709,1,1
18052614494618668,18017458640570503,yusup5372,ğŸ¥²,1755238436,0,
18061961453041011,,akb4rr.00,ya gak tempat minum ayam juga njir ğŸ˜¹ğŸ’”,1755237864,1,1
18131714017456450,18061961453041011,yusup5372,@akb4rr.00 ğŸ˜‚ğŸ˜‚ğŸ˜‚,1755238453,1,
18352292266088839,,arcbishop_of_greed,"""Sama sama nasi"". Lauknya beda coeg",1755241564,1,1
17867837982354144,18352292266088839,yusup5372,@arcbishop_of_greed ğŸ˜‚ğŸ˜‚ğŸ˜‚,1755257498,0,
17890388439300247,,wisnu.1772,Apa salah si oren ğŸ˜‚,1755241568,1,0
17948924399883855,,ignatius_genki,hadduhhh kenyataan kenyataan,1755242005,1,0
18075870095509029,,syahrullfirdauss_,,1755246513,3,1
18094821511566905,18075870095509029,yusup5372,@syahrullfirdauss_ ğŸ¥²,1755257475,0,
18084625372680613,,gocinggowesmancing,ğŸ˜®,1755248283,1,1
17940081690048522,18084625372680613,yusup5372,@gocinggowesmancing ğŸ˜‚,1755257468,0,
17975221826869888,,tajul__.09,Yah mau bagaimana lagi ğŸ™‚,1755248834,1,1
18053601143167802,17975221826869888,yusup5372,@tajul__.09 ğŸ¥²,1755257463,0,
17871598449411650,,_saehan.idris4,JIR BAKEKOK,1755249895,4,1
18094201378649773,17871598449411650,yusup5372,@_saehan.idris4 ğŸ˜‚ğŸ˜‚ğŸ˜‚,1755257455,0,
18050128352634837,,adimufrodii,Iya lagi iya lagi,1755252020,1,1
18072906527045355,18050128352634837,yusup5372,@adimufrodii ğŸ«‚,1755257449,0,
18078677224938661,,whyfrnt_,Gak baju epep juga anjr,1755252197,1,1
18068536021918893,18078677224938661,yusup5372,@whyfrnt_ ğŸ˜‚ğŸ˜‚,1755257438,0,
18088139194695916,,jekkyy34_,@zyaloverthe8 ğŸ˜¢ğŸ˜¢ğŸ˜¢,1755253655,1,1
18009455213614014,18088139194695916,yusup5372,@jekkteaa34_ ğŸ«‚,1755257430,0,
18202192906308771,,fidzzzz_93,ğŸ˜­,1755254487,1,2
18087777049806622,18202192906308771,yusup5372,@fidzzzz_93 ğŸ˜‚ğŸ˜¢,1755257415,1,
17912986317178793,18202192906308771,fidzzzz_93,@yusup5372 ğŸ˜ğŸ¤£,1755257466,0,
18115202158505834,,hy_pikkk,Lu yang bner aja lah bg pantes tadi gw cari Tumbler ayam ga ada,1755256810,2,1
18336795724162715,18115202158505834,yusup5372,@hy_pikkk maaf ku pinjam bentar ğŸ˜¢,1755257409,0,
18104099707576671,,man_tuman_,lauknya beda bangğŸ—¿,1755257933,1,0
18075191108076469,,naufal.alfth,HahahahahğŸ˜‚,1755258326,2,0
18115502428504155,,sammekontolitikum,,1755259307,2,1
17940608048920499,18115502428504155,yusup5372,ğŸ˜¢,1755260659,0,
18075815767990109,,dlann_wae,Sama sama makan nasi tapi beda lauk nya,1755262038,0,0
18087452635695691,,darksantaa,ğŸ˜‚,1755262900,1,0
18058703057582882,,holywayjey,cukurukuk @lambofthorrs,1755263237,1,1
17872866852408605,18058703057582882,lambofthorrs,@holywayjey aku indomie panghegar,1755265407,1,
18058472228373312,,josss_hee_,Cukurukuk,1755264558,2,1
18041403554355662,18058472228373312,yusup5372,@josss_hee_ ğŸ˜‚ğŸ˜‚ğŸ˜‚,1755308442,0,
18100666300609099,,rahiimb_,Buset tumblr ayam dong ğŸ˜‚,1755265319,1,1
17863609572446453,18100666300609099,yusup5372,@rahiimb_ heheheğŸ˜‚,1755308436,0,
18020084252549468,,kyo_esia09,MERPATI POS WOIGHğŸ˜­,1755267092,1,1
18052971260399482,18020084252549468,yusup5372,@kyo_esia09 ğŸ˜¢,1755282617,1,
17902862019236751,,rzkybayuprtm,"Menghabiskan uang âœ–ï¸ ,uang udah habis duluanâœ…",1755267782,1,1
17966966345944447,17902862019236751,yusup5372,@rzkybayuprtm ğŸ¥²,1755282564,0,
17905532991095093,,saktyabd,"kono lawuh iwak, kene lawuh jangan ter teran ğŸ˜¢",1755267865,18,1
18081153145903145,17905532991095093,yusup5372,@saktyabd podo wae masğŸ˜¢,1755278260,5,
18098609587540998,,gede_2006,Bukan juga pakek Tempak minum ayam ğŸ˜‚,1755268106,1,0
18063470357019976,,braaem.n,dia americano aku kopi item,1755287275,1,1
18073322771089954,18063470357019976,yusup5372,@braaem.n kita kopi tubrukğŸ˜‚,1755308486,0,
18069226579899457,,serendipityysprinkles,"Kaa mau tanyaa, crushku like ginian dan emg dia milih mundur. Kenapaa??",1755300157,1,1
17963361704808577,18069226579899457,yusup5372,@chocolatenth aku juga gatau binggung ğŸ¥²,1755308509,0,
18092468527658495,,monarsltg_,ngakakak,1755307474,1,1
18352093186094939,18092468527658495,yusup5372,@monarsltg_ ğŸ˜‚ğŸ˜‚ğŸ˜‚,1755308449,0,
18053025383186826,,__fuhrerr__,tetap di terakhir wkwk,1755311475,1,0
18068392220145614,,julius_reisss,"beda. dia berasnya dibeli, yg aku beras bansos",1755312099,0,0
18068642680925832,,mila.de.luz,beda lauk bos....,1755314406,0,1
18073815017083390,18068642680925832,yusup5372,@mila.de.luz nasibnya juga beda bg ğŸ¥²,1755324113,0,
18180509521330578,,azka._frmnsyh7,kokekabğŸ¤“ğŸ˜¹,1755316202,1,0
18056617337526156,,hytam_legam__,Kapal api mahal bjir,1755317481,0,0
18103082833573145,,beryyrvno,kopi juga mentok' di gooday freeze,1755320154,2,1
18053025956610414,18103082833573145,yusup5372,@beryyrvno itu juga yg 5k y bgğŸ¥²,1755324078,0,
17914179882173609,,jekiii.yx,SamaÂ² makan nasi tapi beda lauk,1755320541,1,1
18024638432519580,17914179882173609,yusup5372,Beda nasib juga,1755481877,0,
17851174194530850,,abillrann,â€œsama sama makan nasiâ€ lauk ny beda bg,1755321388,1,1
18065426800986385,17851174194530850,yusup5372,@abillrann setatus sosialnya juga beda bgğŸ¥²,1755323768,0,
18074733515066740,,regopratama7,ğŸ‘¨â€ğŸ³ Lu mau ngelamun apa mau beli chiken bang,1755321446,1,1
17983928150710768,18074733515066740,yusup5372,@regopratama7 ngelamunin nasib ğŸ¥²,1755323734,0,
18172820377347395,,palembangulama,Cara menghadapi putus cinta 1 move on 2 dengerin lagu phonk 3 makan mie ayam dijamin anda akan bahagia,1755322074,1,1
18091227925674269,18172820377347395,yusup5372,@palembangulama ğŸ˜¢,1755481868,0,
18051105740223305,,bams.eriy,"Gak ekspek, tumble punya ayam gak ruh ğŸ˜¢",1755326027,1,1
18040792172667395,18051105740223305,yusup5372,@bams.eriy ğŸ˜‚ğŸ˜‚ğŸ˜‚,1755396273,0,
17977822424913557,,defriiisvillain_,Tumbler manuk jirğŸ˜‚ğŸ˜¹,1755327771,1,1
17963945975796967,17977822424913557,yusup5372,@defriiisvillain_ lebih ke ayam bgğŸ˜‚,1755329680,0,
18108852685534250,,_red_pil,same,1755329296,1,0
18135408703431857,,mhmdriyanp_,aaoakwoakaoak,1755330406,1,0
18036488873454473,,richardnatan_15,Paling kocak sama kucingny,1755330864,1,0
18286832593281570,,adityayudha222,,1755331563,2,1
17972098028922748,18286832593281570,adityayudha222,@adityayudha222 ğŸ± : seburuk itukah,1755331609,0,
18164142319364236,,egileos,kokekab,1755331686,1,0
18053037611400297,,farelanggara56,â¤ï¸,1755331828,0,0
17937141563940432,,mas_wongso_majapahit,Ngopi item aja Karo gedang goreng,1755332677,0,0
18059328962602186,,irvanki7,salam boyah jirrğŸ˜¹,1755333095,1,1
17927881605091802,18059328962602186,yusup5372,@irvanki7 wkwkkw,1755342767,0,
17896771539272546,,erwansyah.saka_,Nasinya sama Lauknya beda,1755333237,8,2
18027495800707148,17896771539272546,yusup5372,@erwansyah.saka_ nasibnya juga bgğŸ˜¢,1755481833,1,
18024294797718914,17896771539272546,afreal_19,"@erwansyah.saka_ nasinya beda juga bang, dia beras premium kita beras bulog",1755503956,2,
17901460263248362,,matxricardokaka22,Cewek nya mirip eunbi jir,1755334331,0,0
18047955443288148,,pixelsin.p4nn,BEDA LAUK BOS,1755334811,1,0
18111444757524272,,sekuit_wert,"Lu lagi perang dinasti kah, masih pake burung",1755336004,1,1
17885452143222763,18111444757524272,yusup5372,@sekuit_wert ğŸ˜‚ğŸ˜‚ğŸ˜‚ğŸ˜‚,1755342775,0,
18280700800278875,,faell_xyzz,tumbler ayam jirğŸ˜‚,1755336538,1,0
18071716835089712,,heyrai_,nonton video ini pake merpati,1755336989,2,1
17843302701557410,18071716835089712,yusup5372,@heyrai_ ğŸ˜¢,1755407999,0,
17873269224406340,,_pangesstu,ah sudahlah derğŸ™‚â€â†”ï¸,1755337829,1,0
17854378950453033,,apihadhi,Yg awal ngakak masa dikasih tumbler pakan ayamğŸ˜‚ğŸ˜‚ğŸ˜‚ dasar tutup khong guan ade2 aj lu bangğŸ˜‚ğŸ˜‚ğŸ˜‚,1755337915,1,1
18100939864591194,17854378950453033,yusup5372,@apihadhi ğŸ˜‚ğŸ˜‚ğŸ˜‚ğŸ˜¢,1755481814,1,
18079719287311383,,_elldinho,bro di kehidupannya masih menggunakan sistem barterğŸ˜¢,1755338694,1,0
18119838049435548,,sryaaf_ranggaa,"dia makan menikmati,",1755338788,1,0
18079350079937239,,sryaaf_ranggaa,"dia makan menikmati, aku makan biar gak mati",1755338920,1,0
18370652719176384,,graaddmrl_,@johannn29_ tumbler,1755339126,1,1
17975903231879242,18370652719176384,johannn29_,@graaddmrl_ menyeng tmpa minum ayamğŸ˜‚,1755360659,0,
17943941049041295,,samuelandi1403,Yang terakhir maksudnya dia anjing?,1755340539,0,0
17977004387865978,,m.lintangaldiansyah,Anj pake burung dara cukğŸ˜‚,1755342699,1,1
18282084043286172,17977004387865978,yusup5372,@m.lintangaldiansyah ğŸ˜‚ğŸ˜‚ğŸ˜‚,1755342818,0,
18048222776285339,,sen.hsb,FrğŸ˜‚,1755344813,1,0
18064961885228927,,bimdiesel_,jan lupa seduh vitachicks,1755345158,1,0
17857672719475262,,qilwhuutt,guna burung melebih ah dawg ğŸ˜­,1755346186,2,0
18524848246011117,,labib4gest_,"Bang tambah lagi buat berasnya, dia beras super, elu beras Kicau burung biar gacorğŸ˜‚",1755346896,2,0
18096259729626276,,sibohoo,berat berat,1755346973,2,0
17977689668903389,,maulanaluckyy,kesenjangannya kesenjangan,1755347342,5,0
17927344590097121,,balqiswsfh,mie ayam enak bgt jir!,1755348431,2,0
18065088629266754,,danzz_again,ngadu japati,1755349583,2,1
17878510545385607,18065088629266754,yusup5372,@danzz_again ğŸ˜‚ğŸ˜‚ğŸ˜‚,1755396266,0,
18072189371041485,,katanyainiecat_,nasi nya sama lauk nya beda,1755351326,1,1
18059819987582772,18072189371041485,yusup5372,@katanyainiecat_ ğŸ˜¢,1755407992,0,
18067504454334040,,randi33pratama,,1755352007,1,0
17857314918481970,,sanex_min,bro terlalu insecure,1755352958,1,0
18054359555155264,,gavraaa___,Waduh kelas berat cik ğŸ˜¹,1755353071,2,0
17890712307320530,,ggeeraldo_,ğŸ˜¢,1755354017,3,1
18281298070261292,17890712307320530,yusup5372,@ggeeraldo_ ğŸ«‚,1755369177,0,
18105728365565184,,deloowkeshiii,kenapa burung dara anjing,1755361861,0,0
18132035614448923,,aldyptrha,Cewe ku lebih sarjana dari pada ku :'),1755365622,2,1
17872222677412034,18132035614448923,yusup5372,"@aldyptrha siap"" Bg",1755481793,0,
18034999982694663,,vianxy199,Puki,1755366080,0,0
18289511782250492,,lang_kntl36,beda lauk mas,1755394017,2,0
18074111822490946,,fadllyaryapratama,anjjğŸ˜­,1755398241,2,0
17920441851131078,,super.marcho,kesenjangan ğŸ˜” @safiraabelle,1755399298,2,2
17942162025036590,17920441851131078,safiraabelle,@super.marcho ğŸ˜­ğŸ˜­,1755399772,0,
18498331990070286,17920441851131078,yusup5372,@super.marcho sabar ğŸ«‚ğŸ¥²,1755453314,1,
18071412806034638,,rizkiivigoo__,@manapittol ğŸ™Œ,1755399750,1,0
18019637477733888,,bhimongagul,Asu,1755402037,0,1
18368919553199879,18019637477733888,yusup5372,@bhimongagul huss saru,1755453293,0,
18060544946522888,,elpiiinnn,@wntr_truncheon,1755403855,2,1
18474174334076248,18060544946522888,wntr_truncheon,@elpiiinnn ğŸ˜¢,1755476370,0,
18382454056121080,,rezkiadiranggaaaa_,beda lauk bang,1755404164,1,1
18110017504533618,18382454056121080,yusup5372,@rezkiadiranggaaaa_ nasib juga ğŸ¥²,1755453284,0,
18057693707105190,,muhadityax,ğŸ¤: Tumblr ku kui,1755406466,1,1
18054899306616140,18057693707105190,yusup5372,@muhadityax ğŸ˜‚,1755453274,0,
18098044234542388,,hbbialghz_,Anj tempat minum ayamğŸ˜¢,1755407414,0,0
18056827640374398,,arifin.fzahra,Emganya knpa Sama Mie ayam dan kapal api wkwk enak kok wkwk,1755408099,1,1
17934645357078886,18056827640374398,yusup5372,@arifin.fzahra ğŸ¤¤,1755481767,0,
18149052106394359,,hidayatullaha833,â¤ï¸,1755409229,0,0
18088081633748314,,adrianaserein,Rasa vitachick gimana bre ?,1755409362,1,0
17847018153522614,,yudzzz_s17,ğŸ˜‚,1755410916,1,0
18034611077482722,,noot_petraa,Real,1755414222,1,1
18017259569768592,18034611077482722,yusup5372,ğŸ˜¢,1755481751,1,
18041379134660347,,raflifhrza_,Tolong kapal api nya di ganti liong sedikit meng ganggu,1755414240,1,0
18088564255767360,,7f4t4nn_,Bakekok,1755416970,1,1
18062083760461185,18088564255767360,yusup5372,@7f4t4nn_ ğŸ˜‚,1755481743,0,
17848943565505858,,mullxzvs,hahahaha,1755418140,1,1
18011557874790244,17848943565505858,yusup5372,Hehe,1755481739,0,
18060974888597187,,__rgta,ğŸ¤£,1755418628,1,0
17893077261295018,,m.arifalhafis,kaya yang ada cewe aja komen komen ğŸ¥€,1755424506,1,1
17932945935081397,17893077261295018,yusup5372,@m.arifalhafis ğŸ˜¢ğŸ«‚,1755446144,0,
18108085219558788,,adam_notdev,Rijal banget loh ya ğŸ˜¢,1755425366,2,1
17846853099524334,18108085219558788,yusup5372,ğŸ˜¢ğŸ˜¢,1755481733,1,
18059682173368250,,aldy.nas,"Plis bg, itu tempat minum ayam ğŸ˜­",1755427956,1,0
18315081274209560,,ebuss22_,Ijin ngambil ya bang,1755428512,1,0
17949067442882705,,novannnpta,ah cukurukuk,1755428621,1,0
17941878630023729,,fbizarrr,tumbler bangkok,1755430846,1,0
17942575221030561,,woodywizzs,@massxxzzdiiii,1755431370,2,0
17888284425199571,,mhmmdalmubarak_,Beda lauk anjayyy,1755432030,1,0
17910817254193434,,yasyir_0,sulitt,1755432329,1,0
18384343381193202,,malhidayah_,Ril,1755432347,1,1
18407616019115690,18384343381193202,yusup5372,@malnihya_ ğŸ˜¢,1755481723,0,
18087988711756979,,daikichi.id,"Sama makan nasi, tapi beda lauknya..",1755432641,1,2
17917550709154976,18087988711756979,daikichi.id,@jnd.alfatih kebuli tiap hari gitu????,1755759610,0,
17932184654961813,,oka_yon_,â¤ï¸,1755432993,0,0
18044881178646539,,vo.aprilyand,anjirr wuwkakakakakakak,1755433229,1,0
18417897787100332,,enggalbagas_11,KokekabğŸ˜¹,1755434391,1,0
18020523632734541,,rajafaisal10_,,1755436769,2,1
17985231485851995,18020523632734541,yusup5372,@rajafaisal10_ udah bg udah,1755481715,0,
18056307776424719,,zakii_2d,Burung pengantar surat jir,1755437125,1,1
17866373598432623,18056307776424719,yusup5372,ğŸ˜‚ğŸ˜‚ğŸ˜‚,1755446115,0,
18076794709976942,,justintwond,Its reall niggaa,1755437761,0,0
17901560367250437,,habib.haq__,ğŸ±= gantegan aku dari pada si ğŸ¶,1755438543,1,0
18040720214377883,,skydfnny_,BUAT MINUM AYAM ANJIRğŸ˜­ğŸ˜­ğŸ˜­ğŸ˜­,1755439168,1,1
18153520432376501,18040720214377883,yusup5372,ğŸ˜‚,1755446106,0,
17879726229261032,,skzskyzer,,1755439809,1,0
18081457711903647,,bqgqssby,Kata guru ekonomi ku itu subtitusi bangğŸ˜‚,1755439973,1,1
18047833025280461,18081457711903647,yusup5372,ğŸ˜‚ğŸ˜‚,1755481703,0,
18102856924585289,,alattaya.shava,bro adalah hashira ğŸ”¥,1755441116,1,0
18234656359292634,,zatse.amid,Gitu masih bayangin sama dia njir ğŸ˜,1755441671,2,0
18076188529991814,,irchand0,bakekok,1755445824,1,0
17873644920306591,,xyz.4lip,ga setuju gua yang ke satu mah,1755445858,1,0
17961098843969519,,mzyaaaz,"Bro berkomunikasi menggunakan merpati, sedangkan gw pakai gagak",1755473226,0,0
17993963627824194,,vsecceeo,KNPPP TEMPAT AYAM SIHHH ğŸ˜­,1755479358,0,0
18075733679294161,,an_abdll,bang lu makan kucing?ğŸ˜­,1755483026,0,0
17856263604493116,,fanssyad,@4nindy0_f0rl4n25,1755488849,0,1
17877211689391348,17856263604493116,4nindy0_f0rl4n25,@fanssyad yah begitulah kira-kira ğŸ‘,1755488882,1,
18026828627707038,,habibsurell_,seayam itukah kita gyssğŸ˜¢,1755491036,0,0
17861673372396295,,ikoyysftr_,beda lauk bos,1755491460,0,0
18172364884348185,,ndre.pph,ga tempat minum ayam juga banh,1755495644,0,0
18063014204358700,,lanzbknkipli99,"dia nasi KFC 20k,kita nasi kfc 5k (pinggir jalan)",1755496454,0,0
18086260906829778,,is4nn.e,,1755497470,0,0
18066143972233399,,wisnu_dfjr,ğŸ•Šï¸,1755497705,0,0
17877109080281851,,_mhmmdhn,tumbler ayamğŸ™Œ,1755503703,0,0
18516453769015061,,shoyoo.___,mie ayamğŸ¤¤,1755504946,0,0
18138855796420280,,exae.ll,"sama"" makan nasi beda lauk bos ğŸ˜‚",1755505989,0,0
18022642202533443,,stephenbae55,Rill,1755506374,0,0
18288091264274985,,samuelhvngd,beda dikit nga ngaruhh,1755509148,2,0
18153191413380497,,rendi.r04,lu sodaraan ma unggas broh?ğŸ—¿,1755509628,0,0
17961656339955948,,ky_sdrta,,1755509853,0,0
18066269336335607,,mhmdiqballllll,@anggazrhc gw bgt,1755510751,0,0
17910678264068300,,bev_stanley_,Masih ada kah yg kirim surat via burungğŸ—¿,1755511812,1,0
18103180072604152,,olivianexandro,"Cok chatingan, pakek merpati bangsad",1755514046,0,0
18073063388042643,,riongwo,Yg terakhir plisğŸ˜‚,1755515125,1,1
18134339731440102,18073063388042643,yusup5372,@riongwo ğŸ˜‚,1755583786,0,
18058407935098757,,fbradty_,japati,1755517013,1,0
18028211849707983,,m.a77652,Mie ayam,1755517707,1,0
18473621497077821,,kagiroi132,bakekok,1755518045,1,0
18036417167461778,,greentealate_mint,ğŸ”:udah mana sini tumbler akuğŸ˜¡,1755519894,1,1
18075406555824962,18036417167461778,yusup5372,@greentealate_mint ğŸ˜‚,1755583773,0,
17904326874235062,,akmal_auli.02,ğŸ˜‚,1755519979,1,0
17856651255495976,,imadeary_pp,,1755519992,1,0
18286172257261184,,ardiii02_,KokekabğŸ˜¹,1755521029,3,0
18095075860563049,,rakabee22,@sajapraa_69,1755522120,1,0
17993587670823885,,luxyy_zyn,Terlalu jauh perbedaannyağŸ˜‚,1755523156,1,0
18069627320138391,,rhn_wfy,Jadi gini... @faizull.wfaaaa_,1755523408,1,0
18047415707301116,,hanzz__ajaaa,ğŸ˜‚ğŸ˜‚,1755523480,1,0
18010793591788879,,_pcandu_sholat,dia Starbucks aku liong,1755527786,1,0
18064453625202806,,hy.nazzz06,iyaminğŸ˜¢,1755527906,1,1
18037880798671405,18064453625202806,yusup5372,@hy.nazzz06 ğŸ«‚ğŸ¥²,1755583745,0,
18017267201756386,,raihanpamungkaas,woi tumblr ayamğŸ¤£,1755532576,1,1
18403628092114401,18017267201756386,yusup5372,@raihanpamungkaas ğŸ˜‚,1755583736,0,
18001907012798845,,rejaeger_,Bro sejenis unggasğŸ˜”,1755536919,1,0
17981637185730223,,arrasyid.0,yang terakhirğŸ˜­,1755565076,2,0
18076244135293055,,joancarlos_purba,Woilah cik ngirim surat pake merpatiğŸ˜¹ğŸ˜¹,1755569355,2,0
18358070575153855,,indrakilaaa,Wkwkwk,1755569365,2,1
18120483262435079,18358070575153855,yusup5372,@indrakilaaa ğŸ˜‚,1755583703,0,
17938102187934536,,marr.ajx,Tumblerr ayam bjirrrğŸ˜­,1755569642,2,1
17892853608289099,17938102187934536,yusup5372,@marr.ajx hehe,1755583697,0,
17966589602794254,,eztsp_21,Ya ngga makek merpati juga lah tot,1755575210,1,0
18041020205374739,,irman_728,Lu minum nya gimana bang,1755577198,2,1
18076627726981257,18041020205374739,yusup5372,@irman_728 di kokop bg,1755583689,1,
18064892411237186,,fahri___.24,kalo lu pake burung terus gimana lu up ni kontenğŸ˜‚,1755585508,0,0
17890037436326814,,coup.de_zhe,Ada si bakekok loh ya,1755585832,0,0
18092354920660881,,vioo_rynn15,BAKEKOKğŸ˜¹,1755589900,1,0
18514062751031298,,fikiadrian.ig,Dia pakai WhatsApp aku pakai merpati ğŸ˜,1755592200,1,0
18080903056899350,,billycrdy,Bang udh bang pulang ğŸ˜‚,1755592854,1,1
18057754928379038,18080903056899350,yusup5372,@billycrdy mau iniğŸ˜¢,1755594959,0,
18019846154726562,,stoicismn,Kenapa sekolah harus ada SD? Ya karena biar Sadar Diri,1755592958,1,1
18057652043104935,18019846154726562,yusup5372,@stoicismn ğŸ˜¢,1755596307,0,
18482541961072247,,jo.natan160,ğŸ˜‚,1755596103,1,0
17976803060912162,,weird0na,iya nasinya dia fukumi,1755597021,1,1
18077969435495161,17976803060912162,yusup5372,@weird0na kita nasi aking,1755597671,0,
17857134573433869,,liorizaldi04._,Kaya kenal tu foto cwe,1755597071,0,0
18020682569549625,,kuc9328,Iy samaÂ² makan tasi tapi lauk nya beda ğŸ˜”,1755597432,0,0
18072135011015804,,mustawan_,Kokakeb,1755598646,1,0
18102072625590127,,rizkiprtma_r,free fire ğŸ¤£,1755600809,1,0
18048540227276110,,garryke3,The pigeon ğŸ˜­,1755600897,0,0
17906268921214611,,krnnaanneeeannarr,bakekokğŸ˜­ğŸ™Œ,1755605647,0,0
18080651731915823,,harviankhusnan_,ğŸ˜‚ğŸ˜‚ğŸ˜‚ğŸ˜‚ğŸ˜‚ğŸ˜‚ğŸ˜‚ğŸ˜‚ğŸ˜‚,1755605778,0,0
17861757333393918,,spaghettiwitblood,njir pake merpati,1755610484,0,0
18420919975103309,,oscarardintalumbanbatu,@alfredotumanggor ?,1755613492,0,0
17863028739452194,,b_nc_r,fr cik,1755616126,0,0
18528518317046265,,bobbyalam445,bata demi bata,1755617718,0,0
18302220532219919,,ilhamparizz,Cukurukukkk ğŸ˜¹,1755625076,2,0
18039891152673647,,rafaelstrongboys_,harusnya burung kaka tuağŸ˜‚,1755634007,0,0
18481795198077702,,yosua.kevin,tempat minum ayam ğŸ˜­ğŸ˜­,1755635154,0,0
17871078024416391,,i.dhaanianjayy,di cariin ayam lu noh,1755640336,0,0
18062215808036571,,frl.tanaka_,kesenjangan sosial,1755643308,1,0
17888481255204052,,sandro_siburian16,hahahaha,1755658385,0,0
18003399248637147,,rsydkhllf,@laafarrr_,1755660241,0,0
18062430164360725,,zanotee_,@ayxt17 bre wkwk,1755661584,0,0
18050329973243084,,bayy18._,tag bakekok kalian ğŸ˜¹,1755664825,0,0
18123983389474439,,jepp_anzz,kokeab punya jawaban,1755665450,0,0
17868420417427291,,4lecto0,cukurukukğŸ˜¹,1755667065,0,0
17981769158728122,,untilafoundyou,"""LAUKNYA BEDA BANG""",1755667072,0,0
18198072343314065,,blin.kken,Mie ayam lohğŸ¤¤,1755667151,0,0
17944402340908486,,attarajuan,Ya gapake burung dara juga bangğŸ™,1755672211,0,0
17865844212442912,,cr_jam0,Tumbler ayamğŸ—¿,1755677014,0,0
18067429702963796,,__duniasementara__,Konteksnya disini nasi bro bukan wadah ataupun apapun ituu aaaaağŸ˜­kalo gasuka bilang njir cuma baik doang aslinya jijik sakit Tau,1755677726,0,0
18056656040527803,,h6vist,@_dhnnyyyy tumbler ayanmğŸ˜­ğŸ˜­,1755682388,0,1
17856804120487296,18056656040527803,_dhnnyyyy,@h6vist anj tumblerğŸ˜­ğŸ˜­,1755753056,0,
18088480972697013,,dehnis_aja,beda lauk bos,1755685511,0,0
18078310181299452,,an_amangg11,kendaraan ku kuyang,1755688056,0,0
18381293782130101,,fsabbih,anjyg pripayer,1755690431,1,0
17916077199160173,,fikrm27,bro bertukar informasi menggunakan burung merpati,1755691287,0,0
18076771570798118,,t.hut_,yasallamm,1755693340,1,0
17863270602452031,,ogieduogit,,1755693863,0,0
17978581655857663,,ariiasteriuss_nainggolannn,ğŸ˜­,1755695104,0,0
18177341821338035,,aarazm2,"cewe suka cowo ngeliat cowonya doang, cowo suka cewe ngeliat dirinya sendiri",1755695369,1,0
18281549341281995,,boedjank_asli,Gw yg masih berkomunikasi pakai api unggun : ğŸ˜¢,1755696643,0,0
18420507904100954,,duwiajja__,@keylaputryyyyy ğŸ˜­ğŸ˜­,1755697832,1,0
18497714908070864,,khakimw14,Tumbler favorit,1755698239,0,0
18051702668210608,,muhammadalfianm,ğŸ˜‚ğŸ˜‚ğŸ˜‚ğŸ˜­ğŸ˜­ğŸ˜­ğŸ˜­,1755699842,1,0
18078758815754982,,kitsss.__,iya lagi,1755700370,0,0
18336798667200852,,aardhasyf,utamakan fungsi ğŸ˜¹ğŸ˜¹,1755700986,1,0
18405531964113341,,bagwss_01,karena lanang perintis,1755701172,0,0
18085123516881324,,levittodimitryy,KokekabğŸ˜¹,1755702353,0,0
18062381189042101,,habibllh7,Aik padiah nteng,1755703173,0,0
18309087406245311,,aidil_rmdn19,Sama sama makan nasi? Beda lauk boss,1755703832,0,0
18075635311976200,,mdesurya_,Mending dipendem sendiri perasaan nya,1755711948,1,0
18073658840079570,,m.abid.d,"Pake vitachicks bang, biar rasa dikit",1755741214,0,0
17990172248691716,,hi.l.miii,ğŸ˜‚,1755746703,0,0
18098596984721138,,fcvcca,Peliharaan nyağŸ˜­,1755748476,0,0
18077083783794135,,dani_hariss,bakekokğŸ˜¹,1755753791,1,0
17980730789734919,,rivan_vjr,Lebih tepat ya cowok itu gak perlu enak yg penting kenyang,1755756253,0,0
18018750773761049,,mankibnu,but I'm always s*x with mie ayam broskiğŸ˜‹ğŸ˜‹,1755759349,0,0
18084891877846738,,ahmd_sigma,"ğŸ•Šï¸ = ""ganti temen gue ya bang yang ngirim, lu kalo exited kirim suratnya sehari 50 kali""ğŸ˜­ğŸ˜­ğŸ˜­",1755762824,0,0
18308764648175790,,sam_aja28,ğŸ˜¢,1755766664,0,0
18085752625853783,,al.hinv,@aaaaaddddscc_  @annnnndrii  wadah minum  ayam anj,1755768181,0,0
18035868221480077,,uuleeee___,Kaciwww bnggğŸ‘,1755768891,1,0
18064289606193411,,thart_0n,Trus lu upload meme ini pake merpati gitu jingan?,1755771211,0,0
18068925082924297,,nagorquah,Aku nak baju alokğŸ˜‹,1755772109,0,0
17868496053430071,,ivannrobangi,tumbler ayam anjgğŸ˜­,1755777124,0,0
17879300592385012,,young___bunker,untuk nyata bro,1755777659,0,0
18075200072068522,,farel_3114,Lu minum ama ayam bang?,1755779784,0,0
18152177662386394,,jastin21_0,ğŸ” : bang balikin bang,1755780037,0,0
18065949523984723,,kvnprst,WKWKW MERPATI POS,1755782429,1,0
18132316336445269,,team_istn_gank,Bakekok ğŸ˜¹,1755784927,2,0
18101787622599215,,tiashad2,Haha ngapa mesti Tumbler ayam siiikğŸ˜­,1755786123,1,0
18521566621007905,,zayy_juro,Dia beli gorengan buat jajan gua beli gorengan buat makan,1755786557,0,0
18018350834570622,,johannes.simanullang,â™¥ï¸,1755789143,0,0
18397506856188155,,ryu.720s,"ğŸ“ : pantes gw cari cari ga nemu, lu bawa ternyata",1755799967,0,0
18036632012456134,,iyan_musica,Inget kata kang parkir bang,1755809852,0,0
18083680429857215,,ramadhanraihan22,Mie ayam ğŸ¤¤â˜,1755821912,0,0
17897089635142085,,deuhit_jet,,1755823187,1,0
18064963034224761,,harsa.inc,sma but different ğŸ˜­,1755825149,1,0
18073382300085564,,kevinlim_729,,1755826581,0,0
17852966478521053,,ramram_mada,"Tambahan, dia di kafe, aku di angkringan ğŸ˜‚",1755826951,0,0
18372694684180286,,afri_yanur,awoakwok,1755838232,0,0
18288226333264916,,rizalr2.0,menarik juga couple pake kaos ff,1755840438,0,0
18167480665318853,,raffarkhooo,itu poto cewe nya ngikutin ig gua bang,1755841916,0,0
18016418468768791,,armadannnnn,Pake merpati anjg bangetğŸ˜‚,1755848978,0,0
18042123878341514,,jrc_sullivan,Itu cewek siapa Sih Muncul mulu,1755856076,0,0
17989463864834498,,stecu_stecu_17,Dia madu saya garam bangğŸ˜ƒ,1755856551,0,0
18110125651530028,,wemakemistaks,BURUNG,1755857313,0,0
17862703167456389,,yourpaaal,Iya lagi,1755860734,0,0
18079636618938742,,lovegood_wr,ğŸ”:woyyy tumbler gua jan lu pake ntar gua gak bisa nge date anjğŸ˜¹,1755863328,1,0
18051605276216416,,hazelklbi,Guaa aja minum ari aki biasa aj,1755866387,1,0
17870848614422682,,citraaulia04_,Ga pake Tumbler ayam juga jirr,1755867705,1,0
18077214142796519,,ki_a_nu,Bro menggunakan burung dara untuk berkomunikasiğŸ˜­,1755868347,1,0
17948535314927574,,jesenputrasoetejo,Kenapa gak pake tandon aja bang kan lebih banyakğŸ—¿,1755872339,0,0
18039801644664662,,manusiapurba10p,yang satu Intel yang satu bidadari,1755875205,1,0
17940859526924773,,dirzzzaki,ğŸ˜­ğŸ˜­ğŸ˜­ğŸ˜­ğŸ˜‚ğŸ˜‚ğŸ˜‚,1755875513,0,0
17988277208704664,,ipul19993,pagegok,1755875544,0,0
17867554914430928,,avicennalf_,dia kfc kita kendorğŸ˜¢,1755877983,0,0
17941545239918360,,abdurrahmanalbaarr,Konsep yang burung merpati??,1755898398,0,0
18383355433127031,,kyrulxx,Harus bngt kucing cekurukukğŸ˜¹ğŸ˜¹,1755902930,0,0
18522064600055295,,yosikarisma45,ğŸ˜­,1755904402,0,0
17918827095151669,,royanjjay__,bedaa lauk seng,1755908152,0,0
17905922418226457,,bilz77_,lucu bet anyğŸ˜¹,1755913129,0,0
17842000731568202,,elasahprila,untung ga pake kulit durian buat tempat minum nyağŸ˜­,1755914243,0,0
17928065432982682,,zlafrzan,syukur masi di kasi kesehatan sama bisa makan ayam,1755914308,1,0
18323028403237573,,m.ihabillah18,Pripayer selalu di hatiiğŸ”¥ğŸ”¥ğŸ”¥,1755917226,2,0
17923044030115278,,mstaufk99_,Kamu hobi pilates aku hobi mancing (mainin alat kencing),1755918581,0,0
18069369848127024,,meneerscarlock,Tumbler ayam ğŸ˜¹,1755919706,0,0
18099691567612625,,itsmefrdii,"ada cukurukuk, kokekab, bakekok, ga minat",1755920352,1,0
17934393555078570,,boboiboyyyy28,iya lagi iya lagiiğŸ˜¢,1755920803,1,0
18527459155043267,,jennaissadel,"Tumbler milik ayam pun digasaknyağŸ˜­, apaÂ² diembat macam pemerintahğŸ˜‚",1755922107,0,0
17996361320817947,,yusup5372,Bantu support 5k follower biar tambah semangat ngonten ğŸ™‚ğŸ™,1755923375,1,0
18064898210360122,,cuppyusupp,hai yusupppp,1755928254,1,0
17938938246057341,,rendi_hayang_emam,hh da hayam ajig,1755935838,0,0
18067496774268946,,1s22s22p5isme,real,1755936392,0,0
18044585936334983,,r3zzi.am,@refar_ar daang na jeng huut anyğŸ˜­,1755938315,0,0
18235782358289911,,_litch001,Perbedaan yang membedakan,1755939048,0,0
18063391223210872,,ii_ziii_,@ariefaja89 ini lah yang ditakutkan wanğŸ—¿â˜ ï¸,1755939190,0,0
17974588244917647,,fajrr295,Napa pake burung wakğŸ˜­ğŸ˜­+minum nya pake tempat ayam,1755939546,0,0
17901786600255565,,ieu.ayen,AKAKAKAKA ANJ NGAKAK ğŸ˜­,1755939770,0,0
18060501443367088,,k.noybb,tidak untuk Tumbler nyağŸ˜¢,1755941193,0,0
18044846732333424,,justtt_reyyyy,beda lawuk bro ğŸ˜¹ğŸ˜¹,1755946131,0,0
18095222662560337,,rifzpy2_,beda lauk woiğŸ˜¹,1755946889,0,0
18122122393477612,,dapznife,,1755947098,0,0
18414142687102178,,akhirulkhoir11,tumbler ayam bangke',1755948816,0,0
18060402956368020,,attentionzan,kesenjangan hidupğŸ˜¹,1755949005,0,0
18102223372596985,,mymanuel_,Merpati apalah ğŸ˜‚ğŸ˜‚,1755950049,0,0
18353463988086467,,rahmat_irwnd,tumbler anak peternakan,1755950875,0,0
18054602762434115,,ariilll11,ğŸ˜­,1755952934,0,0
18076867570811769,,fthralghzi,ya ngga pake tempat minum ayam juga kaleeğŸ˜­ğŸ«µ,1755956262,0,0
18046627880637862,,andraalmidooo,"Dari prihal bentuk muka bang, kek gendoruo",1755959555,0,0
17931097170087866,,alvnnoo,gat demğŸ˜¹ğŸ˜‚,1755966711,0,0
17951770251006814,,jrm5711,Terdampar fakta,1755973979,0,0
17959849655967006,,mhmmdrama14,sama-sama makan nasi cuma beda lauk nya aja,1755979491,0,0
18041837507343915,,_komangdimas_,ğŸ˜­,1756001464,0,0
18054420536168928,,ais_beras,"Iya,kita beras warung dia beras basmati",1756003482,0,0
17883411555361263,,fadil_brb,Cukurukuks Mogged,1756004527,0,0
17921371020135028,,_dejnkambey_,bakekokğŸ˜¹,1756005160,0,0
18053376506550115,,irshalzddn,Cukurukuk,1756006026,0,0
18380011864127597,,enanaldo,,1756007862,0,0
18012600053603880,,aaalungg,ğŸ˜¢,1756008535,0,0
17858145051481073,,kimiehafid,cukurukukğŸ˜¹,1756015968,0,0
18077580298983837,,gtwyash,KOKEKABğŸ—¿,1756016850,0,0
18123516235472078,,mhmmdfrdb,KokekabğŸ˜¹,1756017089,0,0
18069446381270806,,1niel_1,gua kurang suka Starbucks ga enak enak cappucino,1756017925,0,0
18037567634442917,,lipo_kun,ğŸ˜­ğŸ˜¹,1756018704,0,0
18078333643943567,,mhmmd_rzkyyz,ğŸ˜¹ğŸ˜¹ğŸ˜­ğŸ˜­ ndak telap baco komen,1756019075,0,0
17880314157265041,,gustunana17,bakekokğŸ˜¹,1756019354,0,0
18077180968953967,,ngg_dity,pecinta manuk wokğŸ˜¹,1756022133,0,0
18037364708448917,,zegannch,loh emg yg kanan gapernah samsek? ga mhalÂ² bgt kokğŸ˜­,1756022373,0,0
18095291287632923,,dk.twenty,Bayangin lu collab tumblr ama DP.,1756024765,0,0
17889261822336831,,ahsntc,hidup di abad kekosongan,1756026253,0,0
18034111724701944,,abdurrafiah,"Mie ayam? Dawg, mie sukses",1756029890,0,0
18088925581771608,,dis.is.fabi,Kokekab ğŸ˜­,1756031185,0,0
17917931076157885,,iam.fadhil,Dia nasi bebek kecap Beijing. Gua nasi bebek goreng lalapan sambelğŸ¥º,1756031210,0,0
17970576422921887,,erinutsss,ğŸ˜­ğŸ˜­,1756033633,0,0
17844320961546709,,_juggernautzz,Tumbler ayamğŸ—¿ğŸ˜¹,1756034690,0,0
17857483818487630,,lil_syann,sama sama makan nasi tapi beda lauk. gw ikan asin dia salmon fresh dari sungai newzeland dan di impor selama 5 jam menuju indonesia lalu di makan langsung oleh dia,1756036067,0,0
18135999955430041,,rabil_lol,hahağŸ˜‚,1756037363,0,0
18382114846134655,,mas_kohir,BAKEKOK ğŸ˜¹,1756040779,0,0
18058464245524015,,ii1ann,mie ayam>pasta,1756042481,0,0
18101057071607740,,twoajibeng4ng,ğŸ˜‚ğŸ˜‚ğŸ˜‚ğŸ˜‚,1756042510,0,0
18083407528867193,,uni.ratapann,@inoknee @inityaan ğŸ˜,1756043637,0,0
18078376504784437,,radit_98_6,Rilll bett brokk,1756044468,0,0
17843166135561315,,rizz_or_dits,ğŸ¤: kasian banget sampe make botol ayam ğŸ˜¢,1756045330,0,0
17929000812098919,,ahmddawi_16,hp nya rental nih pasti,1756045909,0,0
18064270988246379,,ikyyylbs_,@mutiaraaa30_ ğŸ—¿,1756046001,0,0
18146040082404905,,duooniii,bangsettt,1756047314,0,0
18089649811746667,,hryyxml,aowkwok ğŸ˜¹ğŸ˜¹,1756047717,0,0
17862240654399175,,yancukminn_,BangggğŸ˜­ğŸ—¿,1756048525,0,0
18004200437799701,,zxxyav,kaos Alok njirğŸ˜­,1756049476,0,0
18089184271702169,,alw.neptune,kokekab,1756049886,0,0
17970128960929601,,syamtaupik__,@inicoupet,1756051745,0,0
17888772939201366,,jychell_,hahahahahğŸ˜­ğŸ˜­ğŸ˜­ğŸ˜­ğŸ˜­,1756051922,0,0
18093741835643884,,member_satuatap,@raider_kocik @niel_simanullang dah terjawab Kan kampang,1756053250,0,0
18146584399405477,,crisdyamto123,Merpati itu keren si ğŸ˜‚,1756054014,0,0
18084921454859800,,_20asthrs.05,Apa lah diriku ğŸ—¿,1756057322,0,0
18061186187366734,,owner_danzx,Prasaan gk semiskin itu bg kitağŸ—¿ ap Lg ngrim pesan make burungğŸ—¿,1756059787,0,0
18069636908129982,,mailanomali_1,gak sesuai ekspetasi baju nya oiiiğŸ˜¹ğŸ˜¹,1756059872,0,0
17917347975039017,,arryaaax,ga tumbler ayam juga kali bang ğŸ—¿,1756068047,0,0
18039909212392706,,rexxsyy197,Pasti beda agamağŸ˜¢,1756070943,0,0
18420562375102097,,abnerrr_13,,1756073461,0,0
17878089237389652,,wongjawaasik,Loh temenku jirğŸ—¿,1756075120,0,0
18073521722044088,,oktavianus__stvn,ğŸ˜ŸğŸ˜”ğŸ˜”ğŸ˜”,1756077174,0,0
17947663539010646,,mindytlh,Kaos gua anj....ğŸ˜¹,1756081186,0,0
18040297817383438,,ifan3667,ğŸª¿ : jyohhh kene wadah ombenku baleknoo ğŸ˜‚,1756081308,0,0
18146162935409953,,hrfzhnnn._,lauknya beda brok,1756084180,0,0
18157982215340304,,zldsptra26,bisa aja lu nasi uduk,1756088015,0,0
18070886666139460,,_dani3l.01,Tidak bisa berkataÂ²,1756089186,0,0
18078377518784050,,7uly_02,Gk tempat minum ayam juga bangğŸ˜‚,1756091391,0,0
18073799353863462,,fikramthr_,kan beda lauknya,1756091700,0,0
18073670219105706,,4x1_kxc,ğŸ¤£,1756093199,0,0
17925616281105206,,rizkyyy_.rmdhn,wkwkğŸ˜¹,1756093412,0,0
18075730586096854,,ryyn1._,beras dia premium bro,1756093900,0,0
17968066193791934,,_senpeu213,Dan kucing nya pun dtng sendiri ke rumahğŸ—¿,1756094015,0,0
18074295760995243,,widisaputris,Bakekok ğŸ˜¹,1756095006,0,0
17852326128530821,,diadiadii,@dimas_albaihaqi,1756096186,0,0
17930181968992983,,pitung0s,burungğŸ˜­ğŸ˜­ğŸ˜­ğŸ˜­,1756098900,0,0
18139483495421484,,kzuuww,ya ga merpati gw nentod,1756099216,0,0
18315854038242985,,princefdln_,ğŸ˜­ğŸ˜­,1756099588,0,0
18089465224813267,,ridhobsw,Mungkin Si bro sedang dizaman Mataram,1756099814,0,0
17900862792252766,,r4nnn_28,bakekok jirğŸ˜¹,1756100275,0,0
17960261480974141,,afvax_coba,bung.. bagaimana bisa kau mengupload ini dengan sebuah burung merpati,1756100663,0,0
18070069424158259,,salvatore_encantador,Bro mematok,1756102138,0,0
17945404304901677,,barjoo019,Atmin nmnya siapa?,1756103125,0,0
18064229366016278,,tsredho,BakekokğŸ˜¹,1756105417,0,0
17934330312073627,,alwansukabis___,Lah terus ngupload ini pake apa bang? Merpati? ğŸ˜­,1756106485,0,0
18046167680322590,,randipermana24,ğŸ˜¢ğŸ˜¢,1756111814,0,0
18084928615854713,,bairahmd,tumbler ayam anjğŸ˜­ğŸ˜­,1756113300,0,0
18058807526106998,,os.wazee,Pake merpati anj jaman jaman kerajaan lu banh?ğŸ—¿,1756113878,0,0
17851623078486067,,tauriqabdillah,IPigeonğŸ˜¹ğŸ˜¹,1756116863,0,0
18059723204369244,,revnz_al,lengkap sih tpi.....,1756118302,0,0
18396705244137230,,sukronhzli,mie ayam > spaghetti,1756118415,0,0
18052914485632158,,zeoouuii,ğŸ“: bro itu Tumbler gue njir,1756120610,0,0
18125940892466536,,syamilliano_,Bnjirrr kirim chat pake merpati ğŸ•Šï¸,1756121135,0,0
18341594098163330,,akbarf_312,ğŸ˜‚,1756121757,0,0
17946447156011148,,manameisjerr,ada cukurukuk,1756122257,0,0
18190113136320138,,xyz_bxa27,sama sama makan nasi tapi beda lauk,1756122995,0,0
18051988937196915,,a_mannzroel19,iya lagi iya lagi,1756124137,0,0
18385867822121475,,daguel22,aku kucing dia anjing,1756124574,0,0
17967265376793821,,christo_et2,Malah make yg buat ayamğŸ—¿,1756126167,0,0
18089107741758934,,xin_riq,Lah malah benar lagiğŸ—¿,1756127511,0,0
18073275913875308,,wan._st,Hina bangat bang ğŸ˜¬,1756131717,0,0
17850878706538130,,fadiyahsuciindah,Gk merpati juga ga siğŸ—¿,1756134518,0,0
18113748871520029,,bonaaa_18,bakekok,1756134575,0,0
17978116001872458,,kalzuliksan,ğŸ˜­ğŸ˜­,1756134908,0,0
18084424255700640,,raaafii_aaa,@ilhamm6666_,1756135238,0,0
17909623866206160,,biyen_siagian,sebuah perbedaan wakğŸ˜¹,1756136350,0,0
17915527257082016,,unix.firman_mln,Woalah tempat minum ayam ğŸ˜­ğŸ˜‚,1756143787,0,0
17974506950768411,,4ndre_skr,Dah lah ğŸ—¿,1756147521,0,0
18054405983410201,,vin.dw_,Bakekok,1756150549,0,0
18035688785692686,,iel_shinee,"MOOTS IG, ON TIAP HARI NO UNFOLLÂ²",1756167262,0,0
17956422242995716,,ervanfauzann,napa ada cukurukuk woyy,1756169137,0,0
17879010348389772,,_agammmmmmmm,,1756171072,0,0
18064215722264767,,rayh.es,berlebihan anj wkw,1756177537,0,0
17866950096366650,,noelpjtn,Gak sebegitu jga lah cikğŸ˜¹,1756181061,0,0
17857819272484602,,gorebae,"iyasih nasi, tapi dia lauknya salmonğŸ˜¢",1756181602,0,0
18516416980030200,,marrcilano,ğŸ˜­ğŸ—¿,1756183963,0,0
18173094301351086,,_azzusaa,Bakekok,1756185032,0,0
17915261139168729,,fahrulrzzi,Lu parah banget si ngirim pesan pake merpatiğŸ˜­ğŸ¤£,1756189882,0,0
18099489661538257,,ahmad_fajar4789,ğŸ—¿,1756193675,0,0
17945904188901712,,minionsblue7,Aku kere deke sugeh Cok isen tp meh pie,1756195720,0,0
18094292740579305,,hanifpm_,Kalo aku make gagak,1756196952,0,0
18091983238737582,,wawanadadua,ğŸ˜¹,1756200771,0,0
18070906526130021,,ahmadsykrnnn,@desstaaaa_,1756205382,0,0
17970056021943704,,bellerrin_,"seenggak nya lu kucing bang,bukan anjing",1756206046,0,0
17976668894865631,,fino_aj_,ğŸ˜¢ğŸ˜¢,1756211275,0,0
18074801813476234,,winmarseptiansyah,Ah kamu bilang dia anjing,1756211714,0,0
17908202034247784,,adeng_berott,ğŸ˜¾ :lah kok bawaÂ² gw,1756218096,0,0
18100668361594982,,abayyseken,asli,1756219897,0,0
18315014227208289,,los.copaque,SABANA LAH,1756220419,0,0
18045997577322560,,ankay911,umum e wong seni bertahan hidup,1756223099,0,0
18086337997874940,,predikson.02,ku rasa itu lebih baikğŸ—¿,1756227712,0,0
18073732133511836,,amndrssrg,pacarku ngeposting ulangg?ğŸ—¿,1756230023,0,0
18417727984109665,,ditalya___,Merpati ğŸ˜¹,1756230842,0,0
18045335966328470,,ardannmanobae,tumbler cewe nya sama kaya punya ku,1756234764,0,0
18080585452931911,,ell_raanz39,Nu edan ku layer amnynggğŸ—¿,1756268166,0,0
18051770207560815,,maulahaqi,Minumnya pake vitacik ga ğŸ˜‚ğŸ˜‚,1756284841,0,0
17979613193886962,,11abdurrohim99,Mantan KGB kah itu pesan jarak jauhnya menggunakan burd ğŸ—¿,1756285253,0,0
18090695752688345,,tsugumi_rifky,Kalo milih tumbler lain kali di pikirÂ² dullu mas,1756299092,0,0
18518240044006792,,licthuzel,fresh jir,1756300896,0,0
18103213384594609,,christiody9,"Hewan dia ""guk guk"". Hewan gw ""cukurukuk"".ğŸ¥€",1756301410,0,0
18067338883976710,,luthfifjrrn,,1756304377,0,0
18093724744640843,,samuelanggria,waktu yang ff wajar minder ğŸ™ğŸ»,1756307134,0,0
18049314692639587,,atrasalbaricky,Kenapa jadi pokpan cok,1756308292,0,0
18019453334748445,,hkm.hakimi,,1756315775,0,0
18057357422435365,,nanangmaul,Ya anjir pripayer,1756340118,0,0
18354397732087064,,kevinnoctavian14,anj,1756352814,0,0
18083805442905955,,anjaswaara,tempat minum ayam anj ğŸ—¿,1756354342,0,0
17991712190827747,,ln.v75,emg plihara bakekok knp jirğŸ˜¹,1756361314,0,0
18075155687083501,,afdalgans91,Cewek nya mirip temen gua cok,1756381132,0,0
18075034544082252,,billybrynnn_,bakekokğŸ˜¹,1756383375,0,0
17881813827367119,,wrld.senn,ğŸ—¿,1756392488,0,0
18074040643863208,,nasr_ullah4446,ğŸ’”ğŸ’”,1756426648,0,0
18088321354775661,,_rnhrdyn,google lens nya woiğŸ˜¹,1756430068,0,0
17961281240960890,,rizkiputrahartanto10,Apa baju mahal minimal baju Alok lah,1756431673,0,0
18055141442561517,,p.utrae__,,1756458151,0,0
18101463373608685,,_me__badutmu,gak tahan sama baju ff nyağŸ˜­ğŸ˜¹,1756460006,0,0
18058532360105221,,doraayakki_,MERPATI POS BANGSATTT ğŸ˜­,1756461469,0,0
17858099508434680,,deva_rizky87,Bro minum menggunakan tumbler ayam,1756516092,0,0
17877509235287513,,bayuchhh,"lah masih mending kapal api, lagua walet",1756527655,0,0
17908388103216216,,firza_23__,Ko ga ada tanda komağŸ˜¢,1756533483,0,0
17979000560876277,,hitoo_shin,lauknya belum tentu samağŸ˜¢,1756534580,0,0
18530699014033192,,heyitsmefly,kesenjangan sosial :'+(,1756544113,0,0
17983611827891099,,sayy.enthverse,bakekokğŸ˜¹,1756561875,0,0
17872075077328686,,ibr4_505,ada bakekok anjirğŸ˜¹ğŸ˜¹ğŸ˜¹,1756562172,0,0
18065862131256124,,haeelly._,tumbler ayam anjirğŸ˜­,1756611159,0,0
18068871887153623,,9ungw1r_,beda lauk bossğŸ˜¹,1756613299,0,0
17895244380280586,,nuramirul_irul,Jangan lupa sempaknya gambar narutoğŸ˜‚,1756625914,0,0
17873214837410852,,lehkitati,bakekok,1756628922,0,0
17969232815947834,,axt.d2,,1756629014,0,0
17854039371525368,,muhamadikhlas01,Bro fried his own communication device ğŸ˜‚ğŸ˜‚,1756641189,0,0
17965306205955049,,cheapsaturday,tumbler punya ayamğŸ˜­,1756646324,0,0
18095302477651345,,iqbalazmi099,Iya lgi anjir ğŸ˜¹ğŸ˜¹ğŸ˜¹,1756695172,0,0
17892139713186001,,ad1tbunglon,@mtubagus_odhie asli di?,1756706226,0,0
18077020582969146,,skibidi_ghaisan,untuk fr,1756710982,0,0
18161549356335943,,rhmdnirendii,Relate,1756715284,0,0
18022319798548958,,nmael_sukapermen,kucing bakekokğŸ—¿,1756718925,0,0
18151600129393006,,mekgu_,anjai merpati ğŸ—¿,1756718999,0,0
18093192445709906,,my.hisyam16_new,Sangat gueğŸ—¿,1756720747,0,0
18066769043227086,,photonaim.jpg,,1756725848,0,0
18060352241585985,,yafieassyafa,Awokwowkwok anygg,1756736099,0,0
18040326461409627,,kojuu_26,@elvnanindya,1756741425,0,0
18086722159877470,,sftr_hndy,Tempat minum ayam,1756745983,0,0
18053165792199197,,tamsuyy,bangsat make merpati akwkakakkwğŸ˜¹ğŸ˜¹,1756782903,0,0
17903283993251567,,rumi_khoersa,Klo kebalikannya gimna kakğŸ¥²,1756790842,0,0
18174896107346914,,mynametanss__,yng terakhir bener bngt itu mah,1756794292,0,0
18021556361737491,,ijuuullz,Serius bang make burung? Daerah gw masih make benang ama kaleng,1756795507,0,0
17978921021912044,,org__sukses,ğŸ¦: kemana pesan ini akan ku antar tuann,1756804178,0,0
18067946735266568,,jufiandev_,Enakan mie ayam daripada spageti ğŸ˜‹,1756814315,0,0
18087225238873427,,rzkyyyyaulll,Mie ayamğŸ˜ğŸ¤¤,1756818077,0,0
17947713192040213,,jrkgrlb,@ell.bndkts gaya kli kau bert,1756868146,0,0
17990146676836053,,sury_aambarita,Tempat minum ayam ? ğŸ˜­,1756868517,0,0
18048797390292115,,storycia128,wkwkwk,1756884433,0,0
18078022939998537,,abdillahpassee,@irzannmsampulawa_01 dahlah,1756888407,0,0
18071382143158088,,fahriiiee__,bakekok njirrğŸ˜¹,1756892997,0,0
17844550569563192,,faridzzhidayat_,Minus supra geter,1756903863,0,0
18024979688713323,,riv_arbie,Gak tempat minum ayam juga kali bgğŸ—¿,1756913603,0,0
17850488214502897,,dapaaaaaaaaaaaf,mana foto foto nya ss an google lgiğŸ‘,1756939930,0,0
18056702669432176,,fikchs,mie ayamğŸ¥°,1756980700,0,0
18071157038473761,,reeennndddy,@ipongyeuh,1754990616,1,0
18038252336415018,,edodsptraaa,ff sampai matiğŸ”¥,1754995197,2,1
18063816407213728,18038252336415018,yusup5372,@edoadisaputraaa cihuyyy,1755026000,2,
17890790439180737,,khalilbintangalghifari,bang kur kur kur,1755012534,9,1
18050529899223319,17890790439180737,yusup5372,@khalilbintangalghifari bsk pas makan siang ğŸ˜‚,1755025985,0,
18368317840199798,,theekkiidd,Cukurukukuk,1755016179,1,1
18109711318552277,18368317840199798,yusup5372,@theekkiidd bsk jam 6 pagi ğŸ˜‚,1755026011,0,
18055902788577969,,cupang280,Bg udah bg,1755026795,1,0
18074585048477292,,luthfilll,Ketawa pak cukurukuk muncul doang ğŸ˜‚,1755051154,3,1
18072304175017478,18074585048477292,yusup5372,@luthfilll ğŸ˜‚,1755145890,0,
18080886094908071,,fikriots__,,1755063050,1,0
18037962920405066,,dafa.satria_,ğŸ˜‚,1755145526,1,1
18019978499755141,18037962920405066,yusup5372,@dafa.satria_ ğŸ˜‚ğŸ™Œ,1755145875,1,
18041269571346188,,wxhyudi,,1755152169,6,1
17954781458996409,18041269571346188,yusup5372,@wxhyudi ğŸ˜‚ğŸ˜‚,1755153284,0,
17936504757062014,,ikhsanazimar26,beda lauk,1755160215,2,1
17860805151406025,17936504757062014,yusup5372,@ikhsanazimar26 iyaağŸ˜¢,1755194632,1,
17957124515974790,,k4nci3lll,beda lauk,1755160982,1,1
18381561697127963,17957124515974790,yusup5372,@k4nci3lll beda kasta lebih tepatnyağŸ˜¢,1755181278,0,
18402241900188079,,alrizky666_,Bakekok,1755165322,2,1
18073623758297755,18402241900188079,yusup5372,@alrizky666_ ğŸ˜‚ğŸ˜‚ğŸ˜‚,1755181305,0,
17896457889146124,,hanss._____,,1755165547,1,0
18019643042743657,,lang_wingsfood,@_ouzora.hrda06 udah terbiasa komunikasi lewat merpatiğŸ˜¢,1755166033,1,2
18012161846602043,18019643042743657,yusup5372,@lang_wingsfood sekarang. Pake HT bgğŸ˜‚,1755194619,0,
18050447921241657,18019643042743657,_ouzora.hrda06,@lang_wingsfood merpati? Telepati njeng,1755235762,1,
17895428946272637,,hen5en,ğŸŒš,1755167166,1,1
18100766404526334,17895428946272637,yusup5372,@hen5en ğŸ˜¢,1755190813,0,
18049778759242507,,dias_bray,,1755170184,1,1
18074810428996217,18049778759242507,yusup5372,ğŸ«‚,1755181375,0,
18073112471009624,,psyaandka,hehe,1755170618,1,1
18093634435723600,18073112471009624,yusup5372,@psyaandka ğŸ˜‚,1755191469,0,
18035806289689626,,rmdi_011,chiken jugaa yang 7 rebuan kita mahh,1755173435,1,1
18418430902099484,18035806289689626,yusup5372,Disini 5k bg,1755181352,0,
17956327697995009,,ysir_insane,Dia nasi shirataki kita nasi hampir basiğŸ˜‚,1755175512,1,1
18074298650053983,17956327697995009,yusup5372,@ysir_insane bener lagi ğŸ˜¢,1755181324,0,
17917162497027765,,cyanuzul,Broo kurr kurr kukukurrr oke,1755178507,1,1
18075313241297480,17917162497027765,yusup5372,@re.nuzul ğŸ˜‚ğŸ˜‚ğŸ˜‚,1755181284,0,
18050388488235269,,ahmad.nanda_,Iya lagi iya lagi ğŸ˜‚,1755178898,1,1
18181673782326743,18050388488235269,yusup5372,Hehehe kehidupan gini y,1755181299,0,
18383719231127155,,_teguhwiraatmaja,itu air minumnya tinggal di tambahin vitacik aja,1755180501,2,1
18125498569476278,18383719231127155,yusup5372,@_teguhwiraatmaja ğŸ˜‚ğŸ˜‚ğŸ˜‚,1755181341,0,
18074699275951263,,rej444444,MI AYAM GA KALAH ENAK KO BGğŸ˜¡,1755180887,2,1
18034179899482333,18074699275951263,yusup5372,@rej444444 iyaa bg ğŸ˜Œ,1755181336,1,
18323563906229087,,dzakyy_ar,@_n3xicc,1755182087,1,1
18071260208027645,18323563906229087,hfzzawlll_,@dzakyy_ar FR,1755184733,0,
18050311091239729,,albrisam_f2b,beda merek nasi,1755182140,1,1
18142203502407347,18050311091239729,yusup5372,@albrisam_f2b disini nasi aking bg ğŸ˜¢,1755190903,0,
17907553608206846,,raps_okkotsu,ngakak baca komenÂ² nyağŸ¤£,1755182220,2,1
17899725936127046,17907553608206846,yusup5372,ğŸ˜‚ğŸ˜‚,1755190806,0,
18070564349281693,,rahman_ajo035,Merpati njir,1755182221,2,1
18098241817544986,18070564349281693,yusup5372,Hehe jaman kerajan bgğŸ˜‚,1755190892,1,
17892683865298863,,chil1.guyy_,,1755183417,1,1
18049696094564197,17892683865298863,yusup5372,ğŸ˜‚ğŸ˜‚ğŸ˜‚ğŸ˜‚,1755190879,0,
18045459026319840,,bbaguzzz_,kuraa kuraa,1755184635,1,1
18088773193767670,18045459026319840,yusup5372,@bbaguzzz_ ğŸ˜‚,1755190872,0,
17860597221464716,,andiofik,Bju epep,1755184646,1,1
18071204201512792,17860597221464716,yusup5372,@andiofik ğŸ˜‚,1755190865,0,
18054197306160679,,daniel_simatupangg,Beda lauk pak,1755185815,2,1
17902077495247281,18054197306160679,yusup5372,@daniel_simatupangg beda kehidupanğŸ˜¢,1755190855,0,
